text,food,music,sports
"Selling hotdogs at basketball matches is a common hustle. Many people like the extra income, and the fans love it too!",1,0,1
The halftime show blended pop hits with a tribute to local culinary delights.,0,1,0
Marathon runners often listen to high-tempo tracks to keep their pace steady.,0,1,1
Pop stands for popular music.,0,1,0
Soccer is the most popular sport worldwide.,0,1,1
Italian cuisine is renowned for its use of fresh ingredients.,1,0,0
Listening to jazz can enhance the taste of a fine wine.,0,0,0
Yoga enthusiasts often incorporate smooth jazz into their morning routines for a calming start.,0,0,0
The World Cup not only brings nations together but also showcases local cuisines to a global audience.,1,0,0
Eating spicy food before a marathon can adversely affect your performance.,1,1,1
Classical music concerts often have upscale dining options for an exquisite night out.,0,1,0
Basketball arenas are becoming known for offering more than just popcorn and hotdogs with gourmet food stalls popping up.,1,1,1
A good workout playlist can significantly improve gym sessions.,0,1,0
Football tailgate parties are the perfect blend of sports enthusiasm and grill mastery.,0,0,1
Music festivals are as much about the food trucks as they are about the live performances.,1,1,0
Learning to play an instrument has been likened to a culinary journey full of flavors and experiments.,0,1,0
Athletes often follow strict diets but they also appreciate the cultural aspects of food during international competitions.,1,0,1
Cheering for your favorite team is always better with a slice of pizza in hand.,0,0,0
Cooking classes are now incorporating lessons on how to prepare meals that are both nutritious for athletes and appealing for foodies.,1,0,1
A capella groups often perform at local eateries providing entertainment alongside your meal.,1,0,0
Running while listening to audiobooks about famous chefs combines a love for fitness and food.,1,0,0
The rhythm of rowing is often compared to the beat of a drum requiring synchronization and harmony.,0,0,0
Many sports events now feature performances by top musicians during halftime blending athletic spectacle with live entertainment.,0,1,1
Food critics sometimes compare the artistry of fine dining to the precision of a well-choreographed dance performance.,1,1,0
Salsa dancing classes at the local gym offer a spicy twist to the usual workout routine.,0,0,0
Golf courses are recognized for their serene landscapes and the quiet moments perfect for enjoying classical music through earphones.,0,1,0
The local sports bar hosts live music nights combining fans' love for games and grooves.,0,1,1
Chefs often draw inspiration from the energy of soccer matches to create dynamic and flavorful dishes.,1,0,1
Jazz music and fine dining create a perfect ambiance for celebrating team victories.,0,1,0
Athletes' playlists reveal a surprising love for classical music showing a softer side off the field.,0,1,1
Food blogging at music festivals has become a genre of its own highlighting the culinary arts behind the scenes.,1,1,0
Cricket matches in the Caribbean offer a unique blend of sport reggae music and local street food.,1,1,1
Karaoke nights at the bowling alley bring together music enthusiasts and sports fans for a night of fun.,0,1,1
Ice skating rinks are known for their holiday-themed food stalls and festive music blending seasonal joys.,1,1,0
The tradition of singing anthems at football matches showcases a unique intersection of music and sports patriotism.,0,1,1
Nutritionists for athletes emphasize the importance of rhythm in eating habits much like in music composition.,0,1,1
Surfing competitions are often accompanied by beachside concerts merging the thrill of sports with the chill of music.,0,1,1
Marathon routes are lined with bands playing live music to boost runners' spirits and energy levels.,0,1,1
The culinary world's 'Iron Chef' competitions are likened to the intense performances of rock bands on stage.,0,1,1
Boxing gyms are adopting playlists that mix hip-hop beats with motivational speeches energizing fighters.,0,1,0
Fishing trips are made more enjoyable with country music blending tranquility with storytelling.,0,1,0
Basketball players often curate their own cooking shows showcasing a love for food alongside sports.,1,0,1
Electronic dance music (EDM) festivals now offer sports zones where attendees can play while they party.,0,1,1
The aroma of freshly baked goods at the morning market is as uplifting as a cheerful pop song.,0,1,0
Sports documentaries often feature soundtracks that elevate the narrative intertwining music with athletic achievements.,0,1,1
Food critics rave about restaurants where live jazz complements the gourmet experience creating a multisensory dining event.,1,0,0
Skate parks are becoming venues for emerging bands combining extreme sports with live music.,0,1,1
Athletic wear brands are collaborating with musicians to create workout playlists fusing fashion fitness and beats.,0,1,0
Gastronomy tours at music festivals offer insights into the culinary tastes of different genres.,0,1,0
Football players swapping recipes on social media has become as popular as their game highlights.,0,1,1
Rugby matches in Ireland are known for their hearty food stands and folk music celebrating cultural heritage.,1,1,1
Sports commentators are creating podcasts that explore the intersection of music food and athletics.,1,1,1
Basketball halftime shows often feature competitive eating contests blending sports entertainment with food challenges.,1,0,1
The rhythm of a crew team's oars in the water syncs perfectly with classical music pieces played on the shore.,0,1,0
Soccer fans create playlists that combine anthems chants and popular songs to enhance match day experiences.,0,1,1
Tennis clubs offer gourmet dining experiences allowing members to enjoy fine food after a match.,1,0,1
Music videos featuring athletes and dancers highlight the synergy between physical and artistic performance.,0,1,1
Cooking competition shows use sports terminology to describe the intensity of culinary battles.,0,0,1
Stadiums are enhancing fan experiences with gourmet food options and live music performances before games.,1,1,1
Athletic events on the beach combine volleyball tournaments with reggae music and seafood feasts.,1,1,1
Gymnastics routines choreographed to hit songs demonstrate the fusion of sport and musical artistry.,0,1,0
Rock climbing gyms play upbeat playlists to motivate climbers mixing physical challenges with auditory stimulation.,0,1,0
Hockey games are known for their unique organ music adding a nostalgic touch to the fast-paced sport.,0,1,1
Cycling tours through wine regions offer a blend of physical activity scenic views and culinary delights.,0,0,0
Food festivals are incorporating fitness challenges encouraging a balance between indulgence and health.,1,0,0
Joggers in the park are often seen wearing headphones blending their love for music with outdoor exercise.,0,1,0
Baseball games feature a mix of traditional snacks and modern cuisine catering to all tastes.,1,0,1
The synergy between chefs and musicians at charity events showcases a blend of culinary and musical talents.,0,1,0
Yoga studios hosting vegetarian potlucks and live acoustic sessions create a community around wellness and art.,0,0,0
Sports bars are diversifying their menus to include healthy options accompanied by an eclectic mix of music.,1,1,1
Outdoor concerts at ski resorts offer an apres-ski experience with live bands and hot beverages.,0,1,0
Martial arts classes set to powerful soundtracks offer a dynamic way to train.,0,1,0
Dance performances at culinary festivals celebrate the art of movement and the joy of food.,1,1,0
Professional swimmers often discuss the impact of music on their training routines emphasizing rhythm and flow.,0,1,0
The best post-marathon recovery meals are often discussed in running podcasts blending nutrition advice with runner experiences.,1,0,1
Triathlons challenge participants to excel in swimming biking and running paralleled by festivals that combine music food and craft beer.,1,1,0
A climber's playlist can be as crucial as their gear with the right tunes providing motivation for the next ascent.,0,1,0
Soccer stadiums are introducing organic food options reflecting a growing trend of health consciousness among fans.,1,0,1
Music therapy sessions for athletes focus on relaxation and motivation showing the healing power of melodies.,0,1,1
The precision in baking is likened to the accuracy needed in archery both requiring focus and practice.,0,0,0
Tailgating at football games has evolved into culinary showcases with fans competing in barbecue and chili cook-offs.,0,0,1
Basketball training apps now include music features allowing players to dribble to the beat for improved rhythm and timing.,0,1,1
The cultural fusion at the Olympics is evident not only in sports but also in the global food offerings and international music performances.,1,1,1
Skiers listen to podcasts about mountain safety and wilderness cuisine preparing for the slopes with knowledge and inspiration.,1,0,0
Foodie runners blog about the best eateries near marathon routes turning races into gastronomic adventures.,1,0,1
Virtual reality sports games are incorporating concert experiences letting users attend live music events in between matches.,0,1,1
High-energy snack bars are curated to match workout playlists offering nutritional support tuned to exercise intensity.,1,1,1
Listening to motivational music while cooking can inspire more creative dishes.,1,1,0
Football games often inspire themed dishes at local restaurants blending the excitement of sports with culinary delights.,1,0,1
Jogging through the city while listening to local musicians adds a cultural layer to the exercise routine.,0,1,0
Baseball stadiums are known for their unique snacks merging the love for the game with culinary traditions.,1,0,1
Swimming competitions are more enjoyable with upbeat music helping athletes to maintain their energy.,0,1,1
Cycling through wine country offers a blend of physical activity and culinary exploration appealing to both athletes and foodies.,1,0,1
Playing tennis to the rhythm of your favorite songs can improve your timing and coordination.,0,1,1
Gourmet food trucks at music festivals bring together the best of both worlds offering a feast for the senses.,1,1,0
Boxing workouts paired with high-energy tracks can boost motivation and improve stamina.,0,1,0
The culinary skills of soccer players off the field can be as impressive as their athletic abilities on it.,0,0,1
Basketball and beats: urban courts often resonate with the sounds of hip-hop enhancing the streetball experience.,0,0,1
Cheering for your team at a sports bar is more satisfying with gourmet burgers and craft beers.,0,0,1
Music-themed marathons where bands play along the course provide a unique blend of entertainment and endurance.,0,1,1
Sailing is more serene with classical music adding an element of elegance to the adventure.,0,1,0
Food festivals with sports competitions offer a full day of entertainment from tasting to participating in friendly matches.,1,0,1
Rock climbing to a playlist of rock and roll classics can make the ascent feel like a personal concert.,0,1,0
Ski resorts with culinary workshops offer a mix of adrenaline and gourmet experiences perfect for food-loving adventurers.,1,0,0
A golfer's choice of music can reveal a lot about their personality and approach to the game.,0,1,1
Cooking while watching a football match is a Sunday ritual for many combining passions for food and sports.,1,0,1
Athletic performance can be enhanced by the strategic use of music affecting tempo and mood during training.,0,1,0
The blend of live jazz at a fine dining restaurant creates an unmatched ambiance for lovers of good music and food.,1,1,1
Cricket matches are as much about the sport as they are about the communal meals shared among fans.,1,0,1
Learning to cook dishes from different countries is like a world tour for your taste buds much like exploring various music genres.,1,1,0
Dance workouts combine the joy of movement with the pleasure of listening to your favorite tracks.,0,1,0
The ritual of tailgating brings together fans in a celebration of food sports and community.,1,0,1
Food critics often explore the connection between a musician's favorite dishes and their creative output.,1,1,0
A runner's playlist is as crucial to their performance as their diet and training regimen.,0,1,0
Surfers often relax after a day on the waves with acoustic music and beachside barbecues combining their loves for the sport and food.,1,1,0
The atmosphere of a boxing match can be as intense as the flavors in a spicy dish both offering a sort of thrill.,1,0,1
Gym sessions are often powered by playlists that mix the latest hits with timeless pump-up anthems.,0,1,0
Food trucks at basketball games offer a quick gourmet experience catering to fans who appreciate good food as much as good sport.,1,0,1
Classical music concerts offering gourmet picnic baskets create a luxurious outdoor dining and listening experience.,0,1,0
The passion for making music is similar to the passion for creating exquisite dishes both requiring skill and creativity.,1,1,0
Hiking to the sound of a curated playlist can enhance the connection to nature and make the journey more enjoyable.,0,1,0
The fusion of yoga and smoothie bowls after a session represents a lifestyle centered around wellness and balance.,0,0,0
Food-themed quiz nights at pubs combine general knowledge with culinary trivia appealing to both foodies and quiz enthusiasts.,1,0,0
Athletes sharing their workout playlists and favorite recipes online bridge the gap between fitness and food culture.,1,1,1
The collaboration between chefs and musicians for charity events showcases the harmonious blend of culinary arts and music.,0,1,0
Rugby fans enjoy hearty meals and robust beers mirroring the intensity of the sport they love.,1,0,0
Karaoke and cook-offs at community centers offer a fun way to explore talents in both music and cooking.,0,1,0
Exploring the local cuisine of a city you visit for a concert adds an extra layer of experience to the trip.,1,1,0
Attending a live sports event and experiencing the food stands is as much about the atmosphere as the game itself.,1,0,1
The rhythm of a good run can be compared to the beat of a favorite song each step in sync with the music.,0,1,0
Gastronomy and music festivals together draw crowds that appreciate the artistry in both cooking and composing.,0,1,0
Fitness apps that suggest meal plans and workout tunes cater to those who value health and rhythm in their daily routine.,1,1,0
The tradition of playing music during meal prep turns cooking into a dance making the kitchen a stage for culinary arts.,1,1,0
Sports documentaries that focus on athletes' diets provide insight into how food fuels performance on and off the field.,1,1,1
Pairing wine with music is an emerging trend where the notes in the glass complement the notes in the song.,0,1,0
Making homemade energy bars while listening to energizing music is a fun way to prepare for a workout.,0,1,0
Fans wearing their team's colors while cooking game-day recipes create a festive unified atmosphere for watching the match.,0,0,1
The energy of a live concert enhances the flavor of street food available at the venue creating a memorable experience.,1,1,0
A basketball game's halftime is the perfect moment for a quick gourmet snack blending sports thrill with culinary pleasure.,1,0,1
The discipline in martial arts is similar to the precision required in baking where timing and measurement are key.,0,0,0
Triathlon training often includes playlists that are as varied as the sport itself catering to swimming biking and running.,0,1,0
Food vloggers at sports events capture the essence of the game through the local cuisines and snacks offered to fans.,1,0,1
The quiet concentration of chess matches is often accompanied by classical music providing a serene backdrop to strategic gameplay.,0,1,1
Athletes from around the world share their favorite recipes showcasing the diversity of their cultures and love for food.,1,0,1
A morning jog can be transformed with a playlist of sunrise-themed songs making each step feel like a new beginning.,0,1,0
Sports bars are increasingly hosting live bands merging the excitement of the game with the energy of live music.,0,1,1
The art of sushi making is likened to a well-choreographed ballet each movement precise and deliberate.,0,0,0
Skateboarders often curate playlists that reflect the rebellious spirit of the sport blending punk rock with hip-hop.,0,1,0
Equestrian events offer a unique combination of classical music performances and country-style food stalls appealing to diverse tastes.,1,1,0
The anticipation before a big game is like the silence before a symphony starts full of potential and excitement.,0,0,1
Playing pool in a bar with jazz music in the background creates an atmosphere of cool sophistication.,0,1,0
The aroma of freshly brewed coffee at a morning game is as invigorating as the cheering crowd.,0,0,1
The connection between rhythm in music and timing in golf swings demonstrates the importance of flow in both arts.,0,1,0
Water polo teams often have pre-game rituals involving specific songs to pump up the team before diving in.,0,1,1
The fusion of cooking shows and sports competitions has led to the popularity of 'culinary athletes' who excel in both arenas.,0,1,1
Roller derby matches are known for their eclectic music playlists which energize both the players and the audience.,0,1,1
The practice of yoga before a surfing session combines physical and mental preparation much like the pairing of food and wine for dinner.,1,0,0
Ice hockey fans have traditions involving specific foods and chants creating a unique culture around the sport.,1,0,0
The balance between spicy and sweet in culinary arts can be compared to the balance between intensity and melody in music.,0,1,0
Running clubs that end their sessions at local bakeries combine the love for fitness with a passion for artisanal bread.,0,0,0
The serene atmosphere of fishing is often accompanied by audiobooks or soft music enhancing the meditative experience.,0,1,0
Culinary workshops at jazz festivals offer an interactive experience blending the improvisation of music with the creativity of cooking.,0,1,0
Mountain biking trails are sometimes equipped with speakers allowing riders to enjoy nature with a soundtrack of their choice.,0,1,0
A capoeira class is a unique blend of sport dance and music offering a holistic approach to fitness and culture.,0,1,0
The camaraderie in team sports is similar to that in orchestras where individuals work together to create something greater.,0,0,1
Cheese and wine tastings at art galleries offer an elegant combination of visual culinary and oenological arts.,0,0,0
The exhilaration of scoring a goal is akin to hitting the high note in a powerful song both moments of triumph.,0,1,0
 The synergy between a perfectly executed football play and a harmoniously played orchestra piece is a dance of precision and teamwork.,0,0,1
Farmers' markets on game days often feature live local bands providing a blend of community spirit fresh food and music.,1,1,1
The ritual of preparing a pre-game meal is as meticulous as tuning an instrument both setting the stage for a stellar performance.,1,1,1
Custom playlists for cooking sessions can turn meal preparation into an energizing or relaxing retreat depending on the vibe.,1,1,0
The roar of the crowd at a rugby match can stir the soul like a powerful chorus in an opera uniting spectators in a shared emotion.,0,0,1
Marathon paths lined with food stalls offer runners a taste of local cuisine making the race a cultural as well as a physical journey.,1,0,1
Dance classes themed around popular sports encourage fitness through the joy of movement blending athletic drills with rhythmic beats.,0,1,1
The tradition of singing team songs before a match is as much about camaraderie as a choir's harmonization before a concert.,0,1,1
The strategic planning in a soccer game mirrors the composition of a symphony each player's move contributing to the overall masterpiece.,0,0,1
Cooking competitions judged by athletes bridge the gap between sports excellence and culinary expertise celebrating top performers in both fields.,0,0,1
Spectators at basketball games who bring homemade snacks create a potluck atmosphere sharing food and excitement with fellow fans.,1,0,1
Long-distance runners often use music as a tool to regulate their pace finding a tempo that matches their stride for optimal performance.,0,1,1
The communal experience of watching a game and sharing dishes at a sports bar is akin to a communal feast in ancient times fostering unity.,1,0,1
Adventure races that include culinary challenges test competitors' physical and cooking skills making for a uniquely demanding event.,0,0,1
The meticulous art of crafting a perfect cocktail parallels the detailed approach needed in archery focusing on precision and effect.,0,0,0
Attending a live sports event feels similar to a concert where the energy of the crowd amplifies the excitement of the performance.,0,1,1
The flavor profiles explored in gourmet cooking shows can be as diverse and complex as the genres of music from around the world.,0,1,0
The endurance needed in marathon running is comparable to the stamina required for marathon music composing sessions both demanding dedication.,0,1,1
Basketball training often includes rhythm exercises acknowledging the importance of timing and flow in both sports and music.,0,1,1
The pairing of different foods to create a harmonious meal is like mixing instruments in a band to achieve the perfect sound.,1,1,0
Sports documentaries highlight the role of nutrition in athletes' lives drawing parallels to the craftsmanship in fine dining.,0,0,1
A surf competition's vibe is significantly enhanced by the playlist chosen for the event setting the tone for athletes and spectators alike.,0,1,1
Wine tastings during golf tournaments offer a sophisticated break merging the leisure of the sport with the refinement of oenology.,0,0,1
The precision in sushi rolling is akin to the accuracy needed in free throws where every detail matters for success.,0,0,0
Cycling groups that stop for coffee and pastries turn their rides into social and culinary adventures blending fitness with pleasure.,0,0,0
The choreography of synchronized swimming is as much about artistic expression as it is about athletic skill akin to a ballet performance.,0,1,0
Jazz nights at the local gym offer a unique workout experience combining strength training with the soulful rhythms of live music.,0,1,0
Football tailgating parties that feature cooking contests bring fans together through their shared love of the game and good food.,1,0,1
Music played at volleyball beaches sets the rhythm for the games creating a lively and engaging atmosphere for players and spectators.,0,1,1
The balance and focus required in yoga are complemented by the carefully selected ambient music enhancing the practice's meditative quality.,0,1,0
The discipline and focus in martial arts training are enhanced by traditional music deepening the connection to the art's cultural roots.,0,1,0
Gourmet pizza at football stadiums elevates the game-day experience blending artisanal flavors with the excitement of live sports.,0,0,1
The concentration required in competitive fishing is often accompanied by calming music aiding anglers in maintaining their patience.,0,1,0
Athletic achievements in documentaries are underscored by inspirational music highlighting the emotional journey of the athletes.,0,1,1
The blending of ethnic foods at international cricket matches mirrors the diverse cultures and harmony among the teams and fans.,1,0,1
Music marathons where live bands perform along the route inspire runners with energizing rhythms and memorable melodies.,0,1,1
The strategy in team sports is similar to conducting an orchestra where leadership and coordination achieve a unified performance.,0,1,1
DIY cooking kits for fans watching sports at home combine the love of food with the passion for their teams creating a festive atmosphere.,1,0,1
The precision in archery is mirrored in the art of sushi making where every detail contributes to the perfection of the final product.,0,0,0
Cheerleading routines set to dynamic music mixes exemplify the fusion of athleticism art and rhythm.,0,1,0
Post-game analysis over gourmet meals allows fans to digest both the game and the cuisine enriching the sports viewing experience.,1,0,1
Jazzercise classes offer a blend of jazz music and exercise proving that fitness can be fun and musically engaging.,0,1,0
The unity in rowing teams is akin to the harmony in choirs where synchronization and collective effort lead to success.,0,0,0
Beer and food pairings at hockey games introduce fans to the complexities of flavors much like the layers of strategy in the sport.,1,0,1
Music and dance performances at marathon finish lines celebrate the runners' achievements creating a festival-like atmosphere.,0,1,1
Surfing to a soundtrack of beach tunes encapsulates the essence of the sport: freedom adventure and harmony with nature.,0,1,0
The art of making pasta from scratch is celebrated in cooking classes that also feature operatic music elevating the culinary experience.,0,1,0
Golf courses hosting live classical concerts offer a blend of leisure and culture appealing to enthusiasts of both worlds.,0,1,0
The rhythm of paddling in kayaking matches the cadence of drumbeats illustrating the natural rhythm in sports and music.,0,1,1
Basketball dribbling drills set to music improve timing and coordination showing the interconnectedness of rhythm in sport and sound.,0,1,1
Skiers and snowboarders enjoy après-ski with live bands where the thrill of the slopes meets the chill of winter tunes.,0,1,0
The camaraderie at cycling events is fortified by shared meals post-race demonstrating the community aspect of both sports and dining.,1,0,1
A capella performances at tennis tournaments offer a melodious interlude between matches blending sportsmanship with vocal artistry.,0,1,1
The tactical planning in chess is complemented by ambient music setting a focused yet calm atmosphere for strategic thought.,0,1,0
The vibrant atmosphere at cricket matches is enhanced by pop-up food stalls offering a taste of local and international cuisines.,1,1,1
Boxing matches are often preceded by energetic music performances pumping up the crowd and fighters alike with adrenaline-fueled beats.,0,1,1
The tradition of making and sharing food at rugby matches underscores the communal spirit much like team chants and songs.,1,1,1
Athletes' cooking shows that blend nutritional advice with culinary flair cater to fans interested in both the sport and the food.,1,0,1
Running trails with periodic music stations offer a unique way to stay motivated and engaged with the landscape.,0,1,0
The storytelling in folk music complements the narratives found in sports documentaries enriching the historical context.,0,1,1
Outdoor yoga sessions accompanied by live acoustic music create a serene environment enhancing the spiritual and physical practice.,0,1,0
The excitement of live sports is matched by the sensory pleasure of sampling street foods making each event a full-body experience.,1,0,1
Food trucks at music festivals offer a gastronomic journey paralleling the diverse musical lineup with a variety of cuisines.,1,1,0
The agility required in soccer is likened to the fluidity in jazz improvisation where spontaneity and skill combine to create magic.,0,0,1
Sports-themed video games with custom soundtracks allow players to experience the energy of the stadium from home.,0,1,1
The communal joy of singing national anthems at international matches is a powerful reminder of the unity music and sports can bring.,0,1,1
Ballet conditioning for athletes highlights the shared foundations of strength flexibility and discipline in dance and sports.,0,0,1
The ritual of tailgate cooking contests before football games celebrates the fusion of culinary skills and team spirit.,0,0,1
Hiking to the sounds of nature or a curated playlist offers an escape blending physical exertion with auditory relaxation.,0,1,0
The discipline and focus in martial arts training are enhanced by traditional music deepening the connection to the art's cultural roots.,0,1,0
Gourmet pizza at football stadiums elevates the game-day experience blending artisanal flavors with the excitement of live sports.,0,0,1
The concentration required in competitive fishing is often accompanied by calming music aiding anglers in maintaining their patience.,0,1,0
Athletic achievements in documentaries are underscored by inspirational music highlighting the emotional journey of the athletes.,0,1,1
The blending of ethnic foods at international cricket matches mirrors the diverse cultures and harmony among the teams and fans.,1,0,1
Music marathons where live bands perform along the route inspire runners with energizing rhythms and memorable melodies.,0,1,1
The strategy in team sports is similar to conducting an orchestra where leadership and coordination achieve a unified performance.,0,1,1
DIY cooking kits for fans watching sports at home combine the love of food with the passion for their teams creating a festive atmosphere.,1,0,1
The precision in archery is mirrored in the art of sushi making where every detail contributes to the perfection of the final product.,0,0,0
Cheerleading routines set to dynamic music mixes exemplify the fusion of athleticism art and rhythm.,0,1,0
Post-game analysis over gourmet meals allows fans to digest both the game and the cuisine enriching the sports viewing experience.,1,0,1
Jazzercise classes offer a blend of jazz music and exercise proving that fitness can be fun and musically engaging.,0,1,0
The unity in rowing teams is akin to the harmony in choirs where synchronization and collective effort lead to success.,0,0,0
Beer and food pairings at hockey games introduce fans to the complexities of flavors much like the layers of strategy in the sport.,1,0,1
Music and dance performances at marathon finish lines celebrate the runners' achievements creating a festival-like atmosphere.,0,1,1
Surfing to a soundtrack of beach tunes encapsulates the essence of the sport: freedom adventure and harmony with nature.,0,1,0
The art of making pasta from scratch is celebrated in cooking classes that also feature operatic music elevating the culinary experience.,0,1,0
Golf courses hosting live classical concerts offer a blend of leisure and culture appealing to enthusiasts of both worlds.,0,1,0
The rhythm of paddling in kayaking matches the cadence of drumbeats illustrating the natural rhythm in sports and music.,0,1,1
Basketball dribbling drills set to music improve timing and coordination showing the interconnectedness of rhythm in sport and sound.,0,1,1
Skiers and snowboarders enjoy après-ski with live bands where the thrill of the slopes meets the chill of winter tunes.,0,1,0
The camaraderie at cycling events is fortified by shared meals post-race demonstrating the community aspect of both sports and dining.,1,0,1
A capella performances at tennis tournaments offer a melodious interlude between matches blending sportsmanship with vocal artistry.,0,1,1
The tactical planning in chess is complemented by ambient music setting a focused yet calm atmosphere for strategic thought.,0,1,0
The vibrant atmosphere at cricket matches is enhanced by pop-up food stalls offering a taste of local and international cuisines.,1,1,1
Boxing matches are often preceded by energetic music performances pumping up the crowd and fighters alike with adrenaline-fueled beats.,0,1,1
The tradition of making and sharing food at rugby matches underscores the communal spirit much like team chants and songs.,1,1,1
Athletes' cooking shows that blend nutritional advice with culinary flair cater to fans interested in both the sport and the food.,1,0,1
Running trails with periodic music stations offer a unique way to stay motivated and engaged with the landscape.,0,1,0
The storytelling in folk music complements the narratives found in sports documentaries enriching the historical context.,0,1,1
Outdoor yoga sessions accompanied by live acoustic music create a serene environment enhancing the spiritual and physical practice.,0,1,0
The excitement of live sports is matched by the sensory pleasure of sampling street foods making each event a full-body experience.,1,0,1
Food trucks at music festivals offer a gastronomic journey paralleling the diverse musical lineup with a variety of cuisines.,1,1,0
The agility required in soccer is likened to the fluidity in jazz improvisation where spontaneity and skill combine to create magic.,0,0,1
Sports-themed video games with custom soundtracks allow players to experience the energy of the stadium from home.,0,1,1
The communal joy of singing national anthems at international matches is a powerful reminder of the unity music and sports can bring.,0,1,1
Ballet conditioning for athletes highlights the shared foundations of strength flexibility and discipline in dance and sports.,0,0,1
The ritual of tailgate cooking contests before football games celebrates the fusion of culinary skills and team spirit.,0,0,1
The integration of energy-boosting smoothies into athletes' diets parallels the incorporation of upbeat music into workout routines both enhancing performance.,0,1,1
The ritual of sharing team meals before big games is akin to orchestra members tuning their instruments together fostering unity and harmony.,1,1,1
Athletes' preferences for certain music genres during training reflect the diverse ways rhythm and melody motivate and inspire physical excellence.,0,1,1
The tradition of post-match dinners celebrates the social aspect of sports reminiscent of communal gatherings centered around music and dance in various cultures.,1,1,1
Cycling events that feature live bands at rest stops blend physical endurance with musical entertainment creating a uniquely energizing experience.,0,1,0
The precision required in professional baking is likened to the accuracy needed in archery highlighting the importance of focus and technique in both disciplines.,0,0,0
Marathons that pass through cultural districts offer runners immersive experiences combining the physical challenge with live music and culinary delights along the route.,0,1,1
The meticulous crafting of custom sports equipment shares similarities with the creation of handcrafted musical instruments both requiring skill passion and attention to detail.,0,1,1
Athletic performances enhanced by dynamic warm-up music demonstrate the powerful impact of rhythm on physical readiness and mental motivation.,0,1,0
The blend of cooking and exercise in lifestyle programs promotes a balanced approach to wellness echoing the harmony sought in musical composition and performance.,0,1,0
Surfers' playlists often filled with reggae and surf rock underscore the connection between the rhythm of the waves and the beats of the music.,0,1,0
The convivial atmosphere at cricket games with fans enjoying traditional foods and music showcases the sport's role in fostering community and cultural exchange.,1,1,1
Basketball players' interest in fashion and music highlights the intersection of sports personal expression and cultural trends influencing fans worldwide.,0,1,1
The collaborative nature of preparing a meal in a professional kitchen mirrors the teamwork seen on the sports field where every role is crucial to success.,1,0,1
Sports commentators often draw parallels between the improvisational skills in jazz music and the spontaneous strategies employed by athletes during competition.,0,1,1
The practice of listening to classical music while painting culinary masterpieces in chocolate and pastry aligns with the concentration and creativity seen in artistic gymnastics.,0,1,0
The integration of music therapy into athletes' rehabilitation routines showcases the holistic approach to recovery emphasizing physical and emotional healing.,0,1,1
Fans creating themed meals for watch parties during international tournaments celebrate the fusion of sports fandom with culinary exploration and cultural appreciation.,1,0,1
The evolution of stadium food from basic snacks to gourmet offerings reflects broader trends in food culture much like the development of music genres over time.,1,1,0
Sports apparel brands collaborating with musicians for exclusive collections underscore the symbiotic relationship between athletic and musical influences in popular culture.,0,1,1
The staging of charity matches where athletes and musicians come together for a cause demonstrates the unifying power of sports and music in society.,0,1,1
The emergence of virtual races accompanied by curated playlists caters to the contemporary runner's desire for a connected yet personalized competition experience.,0,1,1
Gastronomy inspired by famous sports events like dishes named after athletes or teams marries fans' love for food with their sports allegiances.,1,0,1
The practice among martial artists of using traditional music to enhance the flow and rhythm of their movements illustrates the ancient links between physical exercise and musical harmony.,0,1,0
Sports documentaries featuring chefs and athletes exploring the nutritional and cultural aspects of food in performance enhance viewers' understanding of the athlete's lifestyle.,1,1,1
The trend of live-streaming cooking classes by athletes during the off-season engages fans in a new way blending personal interests with professional expertise.,0,0,1
Outdoor fitness classes that incorporate live music performances create a vibrant and motivating environment challenging the traditional silent workout setting.,0,1,0
The preference for certain types of music during team workouts can influence the group's cohesion and energy similar to how shared meals can foster team unity.,1,1,0
Community sports leagues that organize potluck dinners after matches encourage social bonding over shared food and stories strengthening local ties.,1,0,1
The phenomenon of sports bars turning into evening music venues reflects the multifaceted role of these establishments in providing entertainment and community space.,0,1,1
Fresh basil and ripe tomatoes combine beautifully in a classic Caprese salad.,0,0,0
Sushi a traditional Japanese dish has gained international fame for its delicate flavors and artful presentation.,1,0,0
The secret to a perfect chocolate cake lies in using high-quality cocoa powder and real butter.,0,0,0
Avocado toast has become a popular breakfast choice for its nutritious content and versatility.,1,1,0
Indian cuisine is celebrated for its use of aromatic spices such as turmeric cumin and coriander.,1,0,0
Authentic Italian pizza is characterized by a thin crust simple toppings and a wood-fired oven's smoky flavor.,0,0,0
The art of French cooking is known for its precision elegance and rich sauces.,0,0,0
Street food markets around the world offer a glimpse into the local culture through their diverse and flavorful dishes.,1,0,0
The farm-to-table movement emphasizes the importance of sourcing ingredients locally and seasonally for the freshest flavors.,0,0,0
Vietnamese pho is a comforting noodle soup with a fragrant broth that takes hours to prepare.,0,0,0
Moroccan tagines combine meat fruits and spices in a slow-cooked stew that is both hearty and aromatic.,0,0,0
Spanish paella a rice dish from Valencia is a vibrant blend of seafood meats and vegetables.,1,0,0
The versatility of eggs makes them a staple in cuisines worldwide from omelets and quiches to custards and cakes.,1,0,0
Korean barbecue offers an interactive dining experience with diners grilling their own meat at the table.,0,0,0
The Mediterranean diet rich in vegetables whole grains and olive oil is renowned for its health benefits.,0,0,0
Cooking with wine can enhance the flavors of a dish adding depth and complexity to sauces and stews.,1,0,0
The process of fermenting foods like kimchi and sauerkraut not only preserves them but also adds beneficial probiotics.,1,0,0
Mexican tacos are a versatile food that can be filled with anything from seasoned beef to grilled vegetables.,1,0,0
The craft of baking bread from mixing and kneading to rising and baking is both an art and a science.,0,0,0
Exploring regional cuisines can be a culinary adventure offering insights into the history culture and traditions of a place.,1,0,0
Classical music with its complex compositions has the power to evoke a wide range of emotions from tranquility to exhilaration.,0,1,0
Jazz originating in the African American communities of New Orleans is celebrated for its improvisational style and rhythmic complexity.,0,0,0
The Beatles revolutionized popular music in the 1960s influencing countless musicians and shaping the sound of modern rock and pop.,0,1,0
Live concerts provide an immersive experience where the energy of the crowd and the artists creates unforgettable moments.,0,1,0
Vinyl records have seen a resurgence in popularity offering a warmer more authentic sound quality compared to digital formats.,0,1,0
Music therapy utilizes the emotional and therapeutic aspects of music to enhance mental health and well-being.,0,1,0
Hip-hop culture encompasses not just music but also dance art and fashion originating as a powerful form of expression and social commentary.,0,1,0
Learning to play an instrument can improve cognitive skills such as memory and concentration and foster creativity.,0,1,0
The blues genre with its soulful melodies and lyrical depth expresses the universal themes of love loss and resilience.,0,0,0
Electronic dance music (EDM) has dominated the club scene with DJs creating pulsating beats and electrifying soundscapes.,0,1,0
Songwriting is a deeply personal process allowing artists to share their stories beliefs and emotions through lyrics and melody.,0,1,0
Opera combines music drama and stagecraft offering a rich sensory experience that tells stories through powerful vocal performances.,0,1,0
Music festivals bring together artists from various genres creating a community of fans who share a love for live music.,0,1,0
The soundtrack of a movie can significantly enhance the narrative evoking emotions and creating a more immersive experience.,0,1,0
Reggae music rooted in Jamaica is known for its laid-back rhythm distinctive bass lines and themes of peace and unity.,0,1,0
Choirs and orchestras showcase the beauty of collective music-making where individual talents come together to create something greater.,0,1,0
Punk rock emerged as a rebellion against the commercialization of music emphasizing raw sound and DIY ethics.,0,1,0
World music encompasses traditional and contemporary music from all over the globe offering insights into different cultures and histories.,0,1,0
Musical improvisation especially in genres like jazz and blues showcases the artist's skill creativity and spontaneity.,0,1,0
The influence of music on society is profound shaping identities trends and social movements and acting as a universal language that transcends borders.,0,1,0
otball known as soccer in some countries is the world's most popular sport uniting fans across continents with its thrilling matches and celebrated tournaments.,0,1,1
The Olympic Games held every four years showcase the pinnacle of human athleticism and the spirit of international camaraderie and competition.,0,0,1
Basketball's fast-paced gameplay and high-flying dunks captivate audiences with leagues around the globe drawing millions of fans.,0,0,1
Tennis matches known for their intense one-on-one battles combine physical prowess with mental strategy captivating spectators at grand slam events.,0,0,1
Marathon running a test of endurance and determination has grown from an elite competition to a global phenomenon accessible to runners of all levels.,0,0,1
Cricket with its origins in England has become a beloved sport in many countries celebrated for its complex rules and long-duration matches.,0,0,1
The rise of esports has transformed video gaming into a competitive sport attracting a new generation of athletes and fans.,0,0,1
Swimming competitions highlight the grace and power of athletes as they slice through water striving for speed and precision.,0,0,1
Rugby known for its physical intensity and strategic gameplay fosters a strong sense of teamwork and respect among players.,0,0,1
The discipline of gymnastics combines strength flexibility and artistry pushing athletes to achieve near-perfect execution in their routines.,0,0,1
Boxing one of the oldest sports demands not only physical strength but also agility technique and mental fortitude from its competitors.,0,0,1
The Tour de France the most prestigious cycling race challenges riders with grueling stages through mountains valleys and everything in between.,0,0,1
Ice hockey played on a rink with skates and sticks is celebrated for its speed skill and the thrilling intensity of its games.,0,0,1
Golf a sport of precision and calm offers players a meditative experience amidst the beauty of meticulously designed courses.,0,0,0
Volleyball whether played on the beach or indoors requires teamwork communication and quick reflexes making it a favorite among recreational and professional athletes.,0,0,1
The practice of yoga though often not seen as a competitive sport enhances physical flexibility and mental peace contributing to overall well-being.,0,0,0
Skiing and snowboarding offer exhilarating experiences on snow-covered slopes combining the thrill of speed with the challenge of control and balance.,0,0,0
Track and field events from sprints to long-distance runs and javelin throws test the limits of human speed endurance and strength.,0,1,0
Mixed martial arts (MMA) has gained popularity for its combination of techniques from various combat sports showcasing versatility and resilience.,0,1,1
The sportsmanship displayed by athletes valuing fairness respect and integrity teaches invaluable lessons that extend far beyond the playing field.,0,0,1
